PCA1,PCA2,PCA3,PCA4,PCA5,PCA6,PCA7,PCA8,PCA9,PCA10
-12.27786352462819,4.898740895644309,1.7179588836657034,0.37846301086630585,-2.893051654186679,0.5205472129657185,4.352838486251656,-1.8282761928941103,12.538945262626411,4.926648798428674
-9.654188540837263,2.288523579652405,2.0495021236087796,0.11196359596502878,-4.421673758664881,-1.0330542013261632,1.0399621296921855,-0.3586052660022806,9.18648167759179,4.173460813767447
-9.827329441505205,-0.9718222728618636,1.1249573767709244,2.0114023045099327,-2.2284070297394285,-0.06037716305080447,-3.5890939494684533,-0.35987287361850734,3.86983385249621,0.5941810160813167
-8.768240443334536,4.51202095942472,-0.16228913627705335,2.5815209208545955,-1.0640461061606672,0.14699371488300958,-2.446786138387372,-0.17376451657963854,1.0375912612388827,0.2988679809737222
-10.392226830974467,4.143513126860411,0.9824914321654422,1.92713875432377,-0.9325821703580153,1.4884858568892383,-0.2689009145273669,-0.4152611716661165,0.2898617812678283,-1.7856994181076467
-10.361983806230029,2.384232699478839,1.819021737515243,0.006907676629027131,-0.0323734843941828,0.5885381778333867,0.7507302407978034,-0.8221254336100445,-0.22753989434822106,-1.9362314675745087
-10.971842311393678,2.8680320172980927,3.2315845335065556,0.41839232880610044,-0.5608577457218943,-0.817929018591573,-0.0439687010923966,-1.6943602427338098,0.4932351151096935,-0.5881554474794635
-10.16252383339957,-1.8002386869098326,4.55954280569515,0.008543626498935716,-3.9985921869177865,0.0025950438705038426,-1.7713127601258507,1.3525400220580144,-0.7492590593147898,0.9704616120620527
-8.314361388210514,-2.8075925275230715,3.554663689925564,-0.47225966636822486,-6.215974333453913,-2.177904716950355,-2.4647798066507023,1.4300561279627428,-0.5934520683960313,-0.23796395351881336
-5.659858909159228,-4.150841419336246,2.868559535783387,-4.183194660429615,-5.572873097706742,-1.8980638922548636,-1.2647566911203794,-0.056230903923152054,-1.2550769348219748,-1.0755983037709644
-8.562256671878671,-2.0853866161738424,-1.312882475409791,-0.7400156456309553,-4.757257452207411,-1.9105426468080784,-0.28791588704429905,-1.9892062214179775,-0.5757976471960007,1.5349069283181036
-9.40279302935011,-2.1328937003077293,3.2229250541118732,-3.4596489683115763,-3.9425436076786298,-0.7695063070696061,0.4372465642995311,0.3455377602553585,0.5049184714697325,0.10147786169250042
-6.050451662128064,-2.4854294497214187,3.548551012960682,-6.634021836653868,-2.1226490748751385,0.363628184867586,-0.2586726769571976,2.220390545824145,-0.03406729038432327,1.09111116615324
-8.57776525989781,-2.7780209872315416,0.6459718579712204,-3.7946734925776995,-0.4520746879478766,-1.4564546403827674,-1.7207507274180964,-0.0050473853101321315,-1.0510066544998162,1.0044972990367376
-8.529680632443885,-5.67374276602405,1.2321014246394772,-5.828666482584446,0.21348435796045345,-1.9732821085241006,0.4056744555156067,0.13277318290787513,-2.0248592235579954,0.9686601911405601
-7.407541387139959,-3.6982870368607403,-2.944455887423539,-2.423734765131896,0.5260553383511654,-1.1519570615702448,-0.7712056037214514,-2.641569859689372,1.5583826698958716,-0.9484872818034578
-8.889732531792243,-0.9060522059957904,-4.534709115849657,0.39007180212207176,-0.04067055135136306,-1.6651805278853264,-0.9750888561257334,-2.845669713133564,1.3726362171013842,0.057967360071633466
-10.456036302639188,-0.9869750937595068,-1.1138097177496888,-0.7114282877664511,1.9882304970431564,-0.23754952053028305,-0.19632955841789362,0.139247697264733,-1.9921512203773897,0.4249731421990999
-10.547452162437432,-0.24556138265028457,-2.5063375036657334,-0.43114895255671687,2.373106723183419,3.3167255081164377,1.5789031346284284,-0.8879800964960151,-0.7879268235635739,-1.9861361502050023
-11.467416694476542,-0.5843576656054822,-3.3185419691904054,0.41198328509995,3.5760672071889994,1.322746348701194,1.3714479983979673,-1.707437572199113,-0.8681927029480454,-0.4933907193409468
-11.899735818759092,-1.4149587306503022,-4.505612616383532,-0.6862959714802809,2.6871556362491504,0.34389625344526725,3.3425983014608107,-1.7413734734464714,1.806473119377886,0.3113707583376852
-11.679680814228997,-0.5294677661395542,-3.747181375576771,0.8922821394353077,1.0668622480417966,1.9163093406244887,2.350572886864951,-2.2350095906278633,1.1076517496238387,0.44199172910410855
-12.933387496687574,0.7641958403589287,-4.0050513423425,2.963360427921813,-0.46565961911069875,2.7243860981420003,1.6508232919483974,-1.8092755219268075,0.20685945133524908,-0.7951466320219785
-11.746518231401181,0.2652736861979483,-3.339595228367728,1.6955123179793643,-1.932043504222399,1.1782409477268387,1.1387923048950552,-0.8598562360580192,-1.1075496775777178,-0.6913963958019123
-12.725363108445501,1.9198551637058037,-1.8820496547650911,3.4493358922860846,-1.3625581960466917,3.8749913761630204,2.2104056284631644,-0.9123511920090019,2.91289561344064,-0.8363153365779454
-11.318330838373974,0.25151136535330915,0.6832132324452762,0.8144472636905505,-1.2765972021040874,2.456796229799411,0.780963756000972,-0.14206522191240434,2.548219791090354,-1.017771972073327
-11.06370606692858,0.9728082491065292,-1.5800139461675264,2.8468943803277726,-1.44457745797176,0.5432341120671027,0.9168265341382084,-0.0287154161930269,2.7612515462867364,0.8254030946085101
-10.397403130592762,-2.997671897876102,-0.3268912539423064,-3.5155435267517454,-2.1334950037670324,0.9923836887629254,2.0350449297887385,1.4846236803799921,2.795541737135732,-0.652805000814345
-9.862411630502939,-7.9896929674081285,-5.009097831116296,-5.739665601054235,1.688028068592324,-0.927559738416931,1.8971967465005517,2.662808506964658,0.6747974144989278,0.7901460704274972
-10.007856379467697,-10.429770982746387,-9.523671642812461,-5.090776460388556,3.6006245181740066,0.6392332511366106,3.6997472034414627,3.0218462500607592,-0.8989473795686248,2.8855548450488575
-9.716439378073803,-6.095752337366385,-7.790758472530457,-6.412328103707202,4.542959838190102,2.7840706028017626,5.044897046281686,1.4782473058851922,2.708052321910957,1.0833766682099368
-11.306740716027543,-6.0298195190298935,-6.911869086255583,-3.3010307794948375,0.47646832945298856,2.6880865292536167,4.322144360518042,2.0149330557800216,3.0880563739435534,2.434177050575967
-12.032771324828808,-3.3468190934008484,-5.3222640027637915,-2.8550401770132563,2.4186736747589554,2.8581009595699296,3.086532384119476,0.4386669330495543,0.577637232216415,1.639496827826853
-11.345444351739829,-1.4461315838650302,-4.689331975604199,-2.599635766862458,4.65888729496871,2.71716515546533,2.603472943703004,0.35573514140709567,1.5308243927105707,2.5693117041089253
-11.528864489104592,1.7031016021936176,-5.487457744323658,-0.8083298846199953,3.371414636156146,2.291359018169691,2.1928632990289083,2.1510091693716866,1.8800217722201742,1.3985492771468189
-12.664717755885254,1.8125730703415592,-5.374676984036875,0.16898501849460157,0.45205204829573153,0.851975446141177,1.1827788628832356,0.29549304733111836,1.3400725478609126,-0.22282006128259554
-11.208453631979808,3.7339211449564442,-5.20857527613005,-1.5227760289930932,-1.0863627770735738,-2.451496510753786,1.3070489951979152,1.299667351614984,0.14540294308638468,1.3341500750618165
-11.297344590743633,5.6115094807517325,-0.9411879703587755,-1.6048251050288918,0.47037717861904993,1.4662605387498817,0.1270037822026528,1.6425603136363016,0.7609144347108964,1.9418319453410084
-10.450800983598564,3.607167610592453,-2.5736531522593755,1.3048188521022113,-3.3215177077077533,1.1686208155978535,-0.5314847714155689,0.9402807561694455,1.9131514916314516,0.09319061007174934
-10.611224926021412,2.3964584681782806,-1.224393842124417,2.4378541140216576,-1.5873578282781742,3.885158973390102,1.0094143534188658,-0.7555832309439919,3.0737361850867044,0.6796703931765886
-8.906506333744188,2.7290839658805166,1.4253036159838035,1.8683411777677776,0.5818054130967468,3.4030148483544678,0.4601518178051945,0.7593875079507149,1.7536195910478758,0.4858741734280547
-9.094162789358833,3.7443755378391406,1.489114518779623,0.3839873300183569,2.155068728213295,1.1955587629273907,0.5622842402422941,0.6727869505248492,0.3287530520032203,1.1615626949113127
-8.23565049154468,3.7964522053914105,1.1208244284884255,-1.2256777806010475,2.2881148685073613,-0.1621752984297986,1.3795943642919206,-0.7688187314369611,0.39710522363096684,2.761759083024616
-7.78832998097807,1.745080209306272,0.45516559871172857,-5.228782324043441,2.9215879438399455,-2.294118237825244,0.8602491707409946,-0.21369312210406094,0.7120686494742507,0.5761873964336045
-7.797629950638245,-1.093968854786202,-0.6184305267595984,-2.8955139054594166,4.115078574066943,-1.409591999585894,0.7343708881616594,0.6570337542628243,-0.01934352169182042,0.806562767636003
-7.663566509671796,1.9478152167586076,-3.4806509178494283,-0.5183124540898382,4.275584736712748,-1.3555514818084002,0.673232586168459,-1.9956555215476772,0.4174907881348228,-0.2678230523759764
-8.179829419922635,3.8506662254391695,-1.161395186650563,-1.9636936180210114,4.711947148049134,-0.42381703457406733,0.5117960830284054,-1.7393527583407926,0.10426507540130818,-0.28462523322867384
-9.374239819873175,4.589623332127928,0.5089209972266145,1.3349173315338836,0.08021524916602552,2.8155872259236636,-0.5043126932548436,-3.7397945329121263,-0.8262403416057943,-0.6072809244342868
-9.248466040272058,6.723326344601427,1.8384656933774641,0.4581646221179996,-0.14929498972766503,2.147447117431899,-1.9611453461955977,-4.297924371370027,-0.6509292681141172,0.5253222412906215
-7.832938521727411,4.199746913191147,3.403403501081983,-2.46267406355995,-0.829022678491721,0.6696692555429657,0.6367287555881881,-1.748240888993676,1.2949763685103226,0.7276723825790645
-6.878706421494994,-1.706407044628754,3.0945361375858678,-6.064284518264014,0.2328545971739571,2.6847317692257833,-1.5191384237852683,3.500523284503503,-0.2400633382726143,1.2893190931932417
-7.935115264621582,-4.626859779171722,-3.61542164025834,-2.57216821880211,1.445097332648076,1.81053353147656,0.5028001515288839,0.052446239198048965,-0.14595564180177906,-0.44227074947995787
-8.55768297193243,-2.756615246603696,-5.049303482835234,-0.07801984997414477,-0.23796240010937378,-0.9141624748643017,1.2800241217167485,1.6542351386556178,0.16136189896947964,0.6240736758402046
-7.6452640168855055,-5.858701890509542,-3.3208057885181255,-4.908927003601992,0.9884028879994418,-0.9775911343418395,0.7819531703795369,-0.1543035673597058,-0.9004304865797226,0.0181156236131733
-6.983863842983495,-4.115304392898725,-4.013495087969805,-2.044323490253906,-1.158893075580436,-0.2585985063134588,1.1489801296393274,-0.6537170597958408,-0.6709716365473307,0.618068938405321
-7.690861219166814,0.05013961995367512,-2.300673863857241,1.392682649422355,-0.2602528625628764,0.7833748840581012,2.047237254890254,1.3329770764334392,-0.7390601132240608,-1.2896106953388706
-7.0121685521556945,-0.8174182727994996,1.0127047016312922,-1.6523068397970522,0.027091514374638092,1.7986242638747418,0.7507642430106634,2.9046624384518345,-0.9466864599729907,-1.9549697779749566
-6.981352896674993,0.9299159458013698,-3.141297453204927,-0.9498681565524687,-1.239431348481077,0.07847191005382673,0.44837310291082794,-0.915875092305903,-0.5858061612729477,-1.5237779494712123
-7.59432047898565,0.6753102447509381,-1.6349355387117155,-1.6327048967310787,-0.17643400546791227,-2.5238288192011487,1.5373543118462722,0.3620533872248826,0.500820298056372,-2.02416609019401
-5.356942075650148,-3.498723573411419,-1.6268121294311284,-4.1998009102452505,-2.0680213359835524,-2.4476102002485214,0.281460049844463,0.1570848768535945,-1.0221897886722733,-1.8935805983747251
-5.208693138168164,-2.698553736082288,-4.728413372458552,-2.5486646367190793,-2.1051351256117616,-3.8947900032820018,-0.1778786083075346,-0.5407419256008653,-1.5610941992722405,0.12728659273507245
-5.792434929623587,1.243492409625468,1.058494474938255,-3.7942947854976983,-1.2296084324137775,1.607591598975607,-1.4566888407731315,-0.1492250202670841,-1.744750657503434,0.5276047501967288
-6.467686251734644,3.6035720490358765,-2.0227683743981575,0.5348164905416459,-3.268007422633534,0.18525083764642983,-2.3057968781214715,-0.23323729643158617,-0.5543516926158693,0.8090858317487812
-7.000226804331704,6.410796189661608,-2.745813954660168,3.2699765636688936,-4.218153808269773,1.9260603344357259,-0.5754911231380998,0.3972117619998946,-2.4543752177113407,-3.3965581751324976
-5.706943586945729,6.400980592689173,-0.013645387659890809,1.688227222050558,-3.734886770355423,3.345547489580056,0.23181188208131032,-0.3312734314654003,-0.3151687049846224,-3.5201473135287435
-3.4157387923289195,6.800240905023676,1.1506930015507681,-2.7245468340760035,-3.6491025765968224,0.4320582327847666,1.4202521588423367,-0.44576609710171367,-0.35188447511682874,-2.9069176735320537
-0.9825964773492856,6.5046623997465645,1.818049225070735,-3.0543093582558334,-1.105182063964359,-0.6163902932458973,1.6567268737720864,0.11312018939458697,0.4130168254113076,-1.8990760376870925
-2.908987596319353,3.5260601400503937,2.192182341929678,0.4988824239093186,0.06579342441103718,3.834820570312636,-1.1788398709866148,-0.047478745097907823,0.7115419195598737,0.35828208786992144
-2.1412962366677712,5.223933108338545,0.36648965262326816,-0.9866468736723729,-1.0748613260394335,2.8531130087634513,-1.1395414456578643,-0.8954319033649137,0.2248542407719787,-0.7311944538215421
-3.395909855921053,5.572256692752907,-2.851979734384397,2.47544235071862,-0.9545219870870222,0.11674706725863751,-2.4164015113167014,0.6842369953557071,0.3127334397288394,0.20142991949322978
-3.2186268895937387,8.127196281644567,-3.9127459158487654,1.1732384653620174,-1.0914038757763382,-1.2191470581374617,0.28191458917778844,2.843268764612284,-1.636181362831504,-1.2854169467870558
-3.887248109624418,7.120447431217847,-1.9666396355012723,-1.1695578070374395,0.6904880774612687,0.39708734416192165,-0.8402686159525478,3.239694979327352,-0.6819631801573781,-1.2553496909799653
-5.753898637862718,5.1067433059455185,-0.7013191344215527,1.163043166701741,-0.8154114315136289,3.365137620917829,-1.5794408054714242,2.5968475671756983,-0.15627826136739326,-0.3141137826237191
-6.156962898559682,2.0645672228650978,0.7005005381553897,1.8010791804652462,1.3752095785656335,2.1305372709146018,-2.4238663987841043,0.5226095028799487,0.4344259759385427,0.2857061786838858
-3.9695899927980776,4.0611522134519715,-1.2771652040831414,1.7976336696014579,1.6682313504197726,-1.1712834634983762,0.30978327717927023,-1.3034143625333285,1.2251089339893007,-1.0710637497827618
-1.249175770313574,5.871331579373939,-1.4209289351202132,-0.5075974629644133,2.6720477758574828,-0.8718631306716057,-0.8621979052787035,-1.4587432099651572,-0.14406458760635185,-0.22686364651029348
-2.0245313810570416,5.428176617606054,0.827548540616372,-1.619339716295479,3.74667151223336,1.7105650423666194,-0.7479065431629647,-0.9840406617301686,-2.264618957321234,0.34696891305269567
-4.263759846191374,3.2874577738930753,2.00171334938569,-0.07912204771167047,2.8096302303100633,4.218191678752511,-0.2535450413514718,0.11097077082855883,-1.266186106479892,-0.45793598067826025
-4.667392359136815,3.086395659775826,1.9018410635342304,-3.0356081856867054,3.1472213196974432,4.8141239740660415,0.0019513882582540899,-1.8597479229359695,-2.1083522621280584,0.3912056896949778
-4.372376672477044,0.31979160554839703,-0.6571229474836132,-1.6621317217253155,2.0296624546447655,3.545911062212734,-5.827988957216925,0.2146022615503093,-0.8326966540970586,1.6492342700077798
-5.698448025835132,2.0162024880343474,-2.805270823126776,-1.7904899491389639,1.4918913369873428,-0.19850695265838966,-1.734884016359825,-2.936046080899671,-2.5154584237694673,-0.36980235190573024
-3.574150147867331,3.7013264002522517,-1.5053508308897174,-4.165895510085212,4.759681895708564,0.4518746646214002,-0.7478890932385543,-1.5914904932419243,-2.278629329008358,2.6713931417082404
-2.0285933775113696,0.6601903510879883,-3.3036703204922704,-3.0407640355206476,3.7496680142469208,2.63598660180788,-1.7501472053666702,1.2521909096431048,0.5206325957911122,-0.4813933068815632
-5.097352597218004,-3.6791979258932015,-4.700696335819869,0.1941646088443868,1.5369003218031896,2.90627660886869,0.8131970953774332,-0.09156474154459728,-0.8498198261902988,-0.7914544297629297
-5.542503057858278,-4.887615729604049,-3.487261347618042,-0.6191498274445142,0.6609277714841321,0.27380170181901453,0.8703316345234412,-3.013993798924955,-1.3596726026174755,0.6165514371092842
-5.2247619129322675,-1.0152948996061355,-4.639146252996559,2.3882332810506988,-3.7047795912640797,-0.6630061266728966,2.971515827850155,0.3889363788494482,-3.8689071419114516,0.7286465116489268
-3.927123818782079,0.08165834672727534,0.2285810015179972,-1.7116378531582155,-1.1318661550908427,3.10773235761819,0.3757860869476811,2.4689502442386093,0.017880255498637587,-3.099910863850659
-3.8889870871611163,-7.765632967453096,0.08544398634610106,-4.636258426076657,-4.20125279799777,0.17191089035353907,-2.7030700076885967,1.8588260621960637,-1.1307727702389256,-1.4965758930526754
-2.6767952767746914,-4.1899408668680636,-4.417538404708734,-3.6465510284838674,-5.096348755094665,-2.24580372211875,-1.0222128064017189,1.1667544820666185,-1.1919077648048455,-1.592216673110314
-1.5516457195635653,-4.230126301043536,-3.6922229266059365,-5.185872546020788,-6.976324947826692,-2.0636255087736814,-3.3659967504054094,2.4762198227676615,-1.9009391953016699,1.487135150336516
-3.6059122869211766,0.37095426246625884,-2.9041023729268205,-2.1933134900862052,-5.809967435547564,-0.13503885878444974,-1.8317074408427392,1.4971831338856059,0.08262043689232475,0.3618290505648145
-3.5954472779779736,-0.1871183615516081,-3.4623583404128526,-1.7539435682069209,-3.7514582513488404,-0.2826857791336648,-4.29231273665887,0.08420662004278003,1.4564884319775335,0.19693219609492707
-2.7696426701151426,2.1494235650763436,-1.092175534671055,-1.776508391642513,0.7015025617899788,3.499910857551369,-3.000501994225404,0.989923054939434,2.090976665541095,-1.7111557167926885
-4.140026342326679,-0.297584207682234,-4.448224411020629,1.2487466647555348,-0.4333540666730082,-0.47146564011117625,-3.5343702857536683,-0.2371610971312105,1.9536867515481497,0.28986295453534583
-3.050961872004497,5.24704918045058,-4.84669276769405,-0.48879069484972987,-1.7494295605632402,0.5250729956611911,-0.23356381485184893,1.4628724513855011,-0.24796162586703546,-2.4816369716209707
-3.5685232105695626,5.27854544197708,-3.125040754903731,2.2419177272046387,-1.431127175621966,3.8782930377085774,-0.613056731822842,0.28037417637258727,-1.0613801483291099,-0.6832011237135293
-0.8391495970274693,8.96447680306646,-1.9735986135457924,-1.1645513827163927,-2.2560493492415317,3.769053582811496,-0.3156352362917071,0.5239058820118663,-0.6466430636459541,-1.8175467299208976
-0.10708516952863245,7.215432300649271,-0.30469939186494177,0.021893627063713332,-0.3398564229673445,4.45169183623865,-0.8686017916317182,0.8148986308967439,-0.2624645842995063,-0.21137973503013968
2.2739900971456897,8.847682492163216,-0.13199194563642452,-3.0643899494517215,2.9805639053623043,0.45611629036840506,-0.8609689934849387,0.22298627381656194,-1.4138680218803743,1.6576403753299995
3.9295035235057614,6.1331146702308175,-0.2635629331585812,-4.454582493786854,1.4046480468728908,0.5219489256215671,-1.4175401316795193,-0.04563068347061098,-1.2051511506404597,-0.07448603411284163
1.1276135105339056,0.6531772702018455,0.23728785239898967,-1.8137887516181275,-1.9105204559015179,2.190149299901889,-1.6707505383407966,-2.4993702207388635,-1.9541436086531878,-1.2101629414290906
3.1345440320142095,5.5519736240733355,-0.5254761656270782,-2.38395721952719,-1.7436013263731025,0.207567383643009,-1.381821243415485,-1.596823050659732,-0.5609133735539635,0.7936691757238459
3.1503582271870854,5.7190987613608435,-0.24277536580564657,-1.2335512114706344,-1.2172492026873898,2.3304587240257733,-2.119885818306493,-0.6491322927827379,0.28940132967674903,0.4385248922512487
3.4844968951024806,5.800219248481742,-1.3159083223518064,-2.360860009562481,-1.270595246449091,-0.32269960466968833,0.35578002030709954,-1.1497398834599217,-1.677808428393775,0.33315931307733526
6.330287154125061,6.071298745072291,-0.5150181355774839,-6.607783555728307,1.9804963156241282,-0.18572526537363765,-0.616173339567971,-0.4976494542105348,-3.0773417719486944,1.8468320089535484
4.084731358348408,2.301915129804135,-1.7145994751781364,-4.426100461239009,1.2420220164924156,0.3518414738157761,-3.007516471748672,-0.35850375483761865,-1.0014875842152655,1.0283664356448148
0.4332241136141927,-0.22108774933130299,-4.602074028915366,0.5137856229067618,-0.666060248130078,-3.384594369693429,-3.5680360592061207,-1.9141306162700589,0.7111504390908177,-1.5421032380396256
0.16325059707077538,5.873555541694154,-5.541803194058229,-0.42794399989969745,-1.6829100760316063,-3.7242365074536474,0.4207968041803147,2.3995877014363516,-1.9922582735968144,0.7497641024248892
1.8886188909227553,7.290247991582323,-1.427307505119759,-3.281052952612714,0.5029307663098029,1.7241883445587152,0.10726052594343496,3.243469989295242,0.6230866630754706,0.4296606182076539
4.83724818470777,8.828813460094723,-2.387199419624177,-2.7652273584728086,-0.37354491179031546,0.5841739828337522,-1.2001173778941259,1.7036128695594952,0.22228321731831002,0.9083571796921539
5.532173855046574,9.619795155327663,-2.251269921401939,-2.980350450295746,0.15851614941622527,1.3051548319973232,-2.1171647311298023,1.7191518298654231,-0.3709654636432153,0.7090806062234628
4.406800969294724,6.048382092683491,-0.6537617801571795,-2.6197945079855365,-0.457235409604967,3.854347712510522,-1.9156002710258373,1.3387096941027976,-0.674858741796852,0.9986722381509128
4.354196477687472,4.486102054508192,-5.517261320903629,-0.8461063319427014,-1.0058595539850688,0.05271924671737168,-1.42123133587323,0.12200394465627473,1.1208096026710075,1.7895818052034935
3.6215894351322513,3.217385829946202,-1.43460677932857,-4.085337676137653,2.135826710394254,-0.42462240136440166,1.0249693451144832,1.3171700828574762,-0.8713227533037315,0.3815373082075483
1.313510823658335,-3.5995114971577946,1.0162701920867183,-2.4843809012254523,2.6110650262600332,2.26525645547859,-0.7003774923700243,-1.5703979280525748,-1.2443501610905574,-0.44821882101771315
1.4479053570586116,-4.632112230001048,-0.044422663631852544,-1.590010035188519,4.462031027125257,3.5101106623220155,-4.958701714569609,1.9587173783096221,-1.3253943626757216,1.4115199968384102
1.902843391228388,-2.412122232738355,-5.626568742876209,-1.7074303719012682,0.3697438861004289,0.46948912575959284,-3.5040566004868356,-0.5651681170054084,0.877773441562314,-1.038768556515615
-0.19835707082141688,1.5934218386462071,-7.044177451594915,0.9549483027159087,-1.0816386356097027,-2.3643544579344673,-1.7492640765305576,-0.2749870856517206,-1.1354171855178343,1.9912455088612546
0.5432696496734916,3.1248580678629985,-1.5005277444149858,-2.7132945222407283,-1.1255487695612227,1.7692506769328127,0.3068590114249833,2.2859980490087928,-0.2581257540353031,-2.104686862841789
0.3800601116784738,-1.024119137110292,-3.8440323582308853,-1.32875649075507,-0.39619702713329535,0.24019669112836925,-3.583320314192275,-0.6213420391804846,0.6317316045443913,-2.592763645555196
-0.38101118143444984,-2.977112557013701,-6.3433183676631435,0.13654869350707843,2.782259066027316,-4.30668710891169,-4.837773720263827,-2.4626793635085225,3.096663595289038,-3.394776693494988
0.9715552781220523,-0.9669900792479724,-4.939178985538323,-0.687434670402687,2.7684788369285545,-2.219501649390919,-2.2861555103724513,-0.43637484398665044,1.2985486628715226,-3.8874103153081085
0.6900412066605576,-5.223470229811169,-1.5196822097314773,1.033195656253172,3.032235360372762,-1.6713889144694165,-3.3061775172212835,1.1894066607953704,0.39851627306585674,-0.6511997660216797
3.235879700763788,-4.312476237233153,-1.2803000434703462,-1.4260092516845466,0.9097494787029128,-0.8955030338630253,0.0070699781849129836,-0.6964253815893029,-1.2253261531064508,-2.0864283831621537
5.289639090546294,-4.585378681547688,-0.9948003263597921,-4.760759226098716,-0.3046929806410428,-1.567406376317771,1.305559858813461,-1.196261043401668,-0.6591459366979583,-1.9018697728808718
4.824954929748713,-1.7747068450900507,-2.327433094417149,-2.8269408727729055,-2.3169246549854536,-2.0793498081034167,-0.4249602232225011,-0.8207557512517315,0.4578529384849402,-0.42842589803768905
4.712625880297301,1.2987692832764077,-0.22538000049169252,-2.1446349358490515,-0.8150912583240438,2.0619496747776327,0.8998859070828735,-0.5368973268084564,-0.10045284141864509,-0.7390781346227459
5.507912894418726,0.9567253427435538,-1.4716491942097918,-1.342885346405651,0.44077759122610927,2.316811191259912,-2.447809603296303,0.8492150450193591,2.3106092324951626,0.06679325145977008
4.255835797219114,-1.5284979115357615,-1.1997869883518868,0.8762565770420017,-3.2117515877417318,-1.1177290214898943,-1.4920734750668894,-0.45040115931302077,-0.21785169937363325,1.4737974381655796
5.833391654949578,4.654558084429673,-1.549206810355258,0.0013645374618349707,-1.0138760348264253,0.32387960779952846,0.6598377430038534,-0.9537739028699663,-0.0032303081730012716,0.03878484795844449
7.207612520463839,3.5813549222657213,1.5259941068962561,-2.5261284043547,-0.49777459275293234,0.6298291626024379,1.4459435219344619,-0.4770193274702454,0.31906340417110746,-2.0694989122669276
6.8932550234302745,1.5521840681325112,1.3293567659336274,-3.384454393045078,-2.367376007581713,1.265116352602899,1.6092757233301656,-2.760057940723596,-1.1115436380887282,-0.43134105894702407
7.2502900900036815,2.8655224901250778,-3.047065323631825,-2.7974308865431987,-0.7163186543976011,-0.719654013502601,-0.8180596851493669,-1.9458060606149927,-1.1346738393960314,0.8772521292007162
4.303209142840206,-0.8638936673726856,-4.070723810444781,-0.49086518026960924,0.5501699759498585,-1.3408370426531993,-1.7772314793034036,1.2904548668826947,1.4934234015720915,0.16077515444661802
1.8462509010432897,0.42107493247417477,-5.064904426788058,2.6496928055991105,-0.2443737851133016,-3.397144898121312,-1.569011086023634,0.18532813741324902,2.396297064544787,-0.06740728155411753
1.7994036122342185,-0.0003191112675617101,-0.385439641632737,1.6395515485549998,-2.165586934205286,2.674657639173345,1.1761846906959206,-2.068706098698339,-0.49428510266810716,-1.0251799297494228
3.671239954605652,2.2229286523073237,-1.9294448373548259,-0.47577907919724266,-2.992514161635543,1.016424192841841,2.1761961932173866,-4.4086254360040735,-0.8605192926102283,0.08866698387289909
5.081061470230593,-0.5906731764116984,-1.1703240364312222,-2.911094427564429,-0.6286772728821035,1.8401677492093762,-0.2966696104423997,1.3323998705122888,0.8518832103218601,0.6999250415956073
3.4896679142561466,-3.315810618569519,-4.078905413096229,-2.784308834885251,-1.4954207620575575,-0.6839417446242579,-0.9231660103097056,-2.9745565306967103,0.04081643201444389,-1.1885360834241758
2.7863399342560093,-0.28394755712321257,-5.871312288603387,1.1135353130446333,-1.493808607073783,-1.3967937144684388,-1.8179261831651574,-1.8409473533635967,0.24074189758548759,1.7854948338299832
2.4808810134719668,3.6415488562466685,-4.876143447871777,3.087067473182233,-1.8619873114607144,-1.60816359679325,0.7731824419787726,-0.9861639048476848,-0.1534693178316143,0.19919794169979146
1.9476198139109053,1.554221759865327,-2.952840650286298,3.6249491805527336,-1.8531971358747408,-1.720037016484492,2.4059315536404235,0.33517639208550226,0.26190121688597306,-0.6149976113762735
2.8457705013270824,-0.4286924318810378,-3.041423713947688,3.7202467997081343,-0.8758318081686006,0.6816806043653906,-1.454516822819479,0.8145783197657441,1.319125399949259,0.787660378220565
3.766250844520014,2.118004607718985,-3.9669386406206972,2.0473223086376966,0.44514131873985396,-1.881757656484512,1.4855459204705097,0.6209632513525845,-0.6551023713385409,-1.7394619053361629
3.105521821264897,-1.599943664491868,-1.9256020443864288,2.12098248878448,-0.8107787834781026,1.3025158431572537,-0.299633098938202,0.25281116966082967,0.44426022252118424,-1.8399035821283858
2.81441017970229,0.16037917747775726,-3.7685937510403265,2.845981000324555,-3.4455716837100803,0.055407052510181805,1.3887184444947307,0.03010554271300748,-1.3543838668204804,-1.9675154904994918
4.222638484112672,3.916094507676004,-4.038312575373736,1.9623534073066673,-2.8348221960293527,0.7666591638280124,0.8277558512286537,2.4321043809261913,0.13757916071444615,-1.6167106586707682
4.232246523819068,1.632612646195985,-0.042653238354143294,-2.4535665112572196,-2.393322982033166,2.6421926145259023,2.215805566433191,1.5110210975494396,-0.7917359665647536,-2.694656311069599
5.138606638276292,-0.9818470700829076,-0.46456298224702836,-3.3222037655189416,-1.1945002327183152,3.663929297204014,-1.2938675422236217,1.9372962717520805,-0.21883178796241953,-0.2829183933803396
5.013922813310135,-0.26882051181239836,-2.042672502965532,-2.9175889845666916,-1.681112185586774,1.1056200051395566,1.2796098049934694,-3.353612268648669,-1.253661108963041,-0.024416025166880802
3.857907916584921,-4.193894271173347,0.24358560195815598,-0.7480184979285354,-1.3214540683268206,1.757647031769237,-0.9107582445386389,0.493452723792788,0.5422420667787397,0.31981358333782545
6.8068884662323095,0.11747124375262062,-1.804479719477773,-1.596570569597639,-1.2413251394231084,1.9200648096698583,-0.9659958305152438,-1.4624315898759164,0.8372962849124517,0.8725999638407419
6.59566082269224,-3.434589659766415,2.4139757600728946,-3.0774490403800803,-2.751838703358051,2.59802088119667,0.7420130802866851,-1.160253057944486,0.0619967567997794,-0.6538944287776975
9.672996468077763,1.6471272475962437,0.07749520624943629,-1.509487618387764,-2.277277079087156,2.354906339628096,-0.38967877892509817,-0.9510428136024609,0.45306924114098485,1.4624964507728992
11.649496286744606,6.471673534809591,-2.1553415041156465,-0.6905052923739268,-0.6237365244579339,-0.6755343319066899,-0.31470373259956647,0.8772159209559064,0.7475970892457757,0.9231623003277156
12.952753439099313,3.5007433915714534,0.7321981541916144,-2.1587142670158124,0.9527393193234881,-0.7081369106327198,-0.30697923162653074,2.1441985669379497,0.8115069393048939,-0.2336782301752068
10.683282225851114,3.248070424661874,-0.4822115137952332,-1.5729139173185518,-1.5106482298810588,0.557940436946003,0.07879705973232938,-2.9289068828426696,-0.47099789596969877,-0.43958240628615847
10.68011493138593,5.255812969870692,-2.7378235978661345,-1.6275745916056834,-1.5173415582042127,-0.9528541887588838,-2.132431127689161,-3.8319756823005506,0.7096631381794111,0.4428132279079858
8.002222474174035,3.333670121260054,-2.2680606080389567,0.1519290255757705,-1.7427893252825482,-1.7353513418606101,-2.5874029253145547,-2.3853978344899094,0.9201558058419435,-0.3407186017599688
6.831337964481646,2.359517561830293,-3.131167827633981,1.7279955965806992,-0.6227209740329263,-0.8074069918259884,-3.5359521027166907,-0.032316954915478535,-0.7042710803449067,0.5673938815205427
7.42306234107055,2.822798702954824,-1.7209121896101707,-0.28779555826323805,1.269551021975123,-3.25145990191601,-2.3773111871104735,-0.851314607802542,-1.3181563594404369,0.1608167462937217
10.630449174112291,3.5823608916663447,-2.839988800553565,-2.1023207478301145,2.890807606160131,-3.6346760326418543,-2.246050270277587,-0.28134752612080177,-1.359222690579301,1.4734568935845473
11.062646532083646,0.06886964214581891,-1.1090169161550674,-2.1949767056963974,2.7395711759593415,-1.6686195702351012,-2.063619439521805,0.4831725681809552,2.6358469324765146,-1.433868833202335
9.287101334107524,-2.7248770535282203,-0.44268693597293995,-0.9187966984150286,0.473910793577138,0.166473357210998,-1.9205765229901413,-0.3563456646532807,0.553029804821551,0.34238062807326025
7.135294310857247,-3.940090667414725,-2.778664689767583,0.5025017210946177,1.5580400073154403,-1.6871857978959826,-3.145980238587112,-2.2705833974935046,3.8165573359117078,-3.129806406845567
6.253321704490195,-0.8252932113642031,-3.5977036095880646,2.1876893842088414,0.20884993283721054,-3.4614843809689697,-5.753942709583556,-1.4437279767073086,2.014027048640266,-0.2966807059144822
5.408589331860264,1.1803454556932103,-3.0661530012683715,3.535979482059861,-1.2053025569915674,-2.066769303309097,-2.2225888583728644,0.10438915320302385,0.9605989369258393,1.6988342492525872
5.116855980548064,1.6728834188313428,-1.0401962777098075,1.2631567394890701,-2.295958406996211,-1.4847956159591655,2.931353567283635,0.4504751979516135,-0.02553739880334293,-1.5554741635113405
4.474996809164166,-1.823088345517448,-1.3986238207920574,1.0188814533233566,-3.467450175159603,-0.12487923938174546,0.5240270576657976,-2.669993494509679,-0.027854437099295314,-2.570347325167239
3.950880258705064,-2.163958826965488,-1.5585085861069299,2.9264832281503175,-3.0995522813436156,2.395079715882497,0.3059932658759995,-0.886246390862466,-1.0847660318130727,1.363523472548822
3.4092629774546896,-1.5787697871034219,-1.6251424676672694,5.109405274157098,-1.8771227477228911,1.110058037236509,-0.23349083461639247,0.17935950070153953,1.5114495826225738,-0.7256172333254843
5.531276447688571,-2.6466132936854163,-0.3254178869729356,2.305672332609277,-1.6474777689399227,1.3502572326248148,-0.9895178657314927,-0.27977578788212404,0.3201537054882916,1.1412935538200017
4.773834143093162,-5.100957080915794,-0.6610123866664165,0.9746469659894439,-1.3310219241772927,3.9642794283508325,-2.5264999014720133,0.11440710746708616,0.10512435877826697,-1.0093959440264229
4.457086396719383,-4.078899823952321,-2.814358463514294,2.5605865630038274,-1.5518572070316696,1.1349387440234409,1.7664777628057293,-1.2735056561731792,-2.9796465442085873,6.222772607390871
6.162112679920249,2.291044731423967,-0.04080632111488734,1.4770760517178252,-2.180053639380579,1.130191989179267,2.9047404640718004,1.5059045427140083,-0.65171437614198,-0.9781984050973636
8.525170974822071,3.9121975648906786,-0.15287324588565177,0.20693858780069319,-1.708004506779606,0.05669989843674829,1.9951834716278547,0.7369959292971537,0.0870945609166027,-0.7602607852771063
8.896801903391763,1.5327451101302618,0.488892261988987,1.1640377559194004,-2.5471360582002656,1.8163384034108054,1.3591267566610645,3.0263270739948913,0.17937132565945121,-2.427721521820631
8.727388496860357,0.217831155030869,-2.105441783904754,2.605483775963852,-2.4890383600921737,-1.746448563490145,-0.2821471789784792,1.2828886732429237,0.07323235102635228,2.410070679747394
9.168493431770978,2.090529795354702,-0.3889421717076544,1.859851896663801,-1.3662532689479387,0.34368325625653673,3.520154150692737,1.9039197020807819,0.06860740703081308,-2.4387701073191734
11.162771360001644,2.5574414060794894,-0.47202600098472264,1.3073684108354784,-1.4261448725642059,-0.4807456492959421,1.6407500005619124,-0.3714431545084157,0.10561742461473009,-0.41755320999887185
13.665510981496999,5.331521590379443,-0.9063810672869752,-1.6465602291698265,-0.4635738302425563,-2.063996467458106,2.9624845046286086,0.17354957892141024,-0.06200494803973134,-0.14872686051439965
16.08756740320426,4.445132403871798,0.9860382646956954,-2.0699707704551438,0.6436158092312434,-3.292395645159466,1.1397085719740452,3.1386779998649437,1.3059012154659806,0.9007401796347957
16.120157758022156,2.6993943201866957,2.352365368841549,-0.4600750484545592,0.5749059338820776,-2.1838799418216324,-0.13756651448963522,3.038258238600463,1.7985463611920738,0.7766402202146948
16.0730125942375,3.586349870168833,1.3231891235541613,0.27684570622049093,1.0082662663706188,-1.0466305933969156,0.2901482104363326,1.1201701787794822,1.0439851226931416,0.8495488666708964
16.3138707229684,1.7437213828413078,3.057039739955072,-0.5159076447223995,0.11433426960550679,-0.9513165157828719,1.3624169376296091,0.5095239907454796,1.1243635154307727,-0.022007994180864698
14.4842005129509,-0.4426507804898314,2.975482756659788,-0.5153245593772998,0.4615433829011901,2.1048676129775146,0.07094594918404487,0.9347909367951747,0.287976906086635,0.442884293587246
13.258504631086732,1.822681589994236,-0.20691376071765072,-1.1710222132088919,-1.0329391501444882,-1.5276521137625394,3.2675384624481953,-3.3785461451741288,-0.4868194303172868,0.6071324127374362
13.569900330883264,-1.5876392059682574,0.4974102636582963,-2.549179347331455,-0.7549857302736807,0.012508854758050785,0.17342283684096688,-0.3927593120811026,0.7139411735737716,0.31003483052314357
8.373314876281986,-6.641048973234922,-0.36161598375212256,-0.3768099327770939,-3.918488633985266,1.028036131433338,1.360872099909945,-2.705320074011459,-1.7762706928366327,0.7274682047197834
8.044306113289466,1.519912511732892,-2.969049202585917,0.22902832453585248,-4.087776178830094,0.2738828160036173,2.3236734196248525,-1.2505410986606207,-1.5631733148193436,-0.02855197201512337
10.56643100168494,5.928057593570196,-1.1306230751207647,-3.083418178395173,-0.7732382323844471,-0.2906728997300956,1.8940718472804918,-0.36889259874982777,0.8284928024859878,0.7645374947197182
12.86875383459593,3.254514645987847,0.3072215507378595,-3.0201572822389733,-1.0546978521235986,-0.5608283341335688,0.7203901928722388,0.8417467726387949,0.783506212050738,1.0624991051288635
9.629522792424385,-2.08911229299513,3.001600939862179,-0.21600416350665252,-1.2435178235671993,4.411672992525685,0.5536641672808467,0.35158478987914143,0.9856512488635574,0.2039118678996641
6.525758937564377,-5.301051400418979,2.122923096237144,3.5262921137575924,-2.2283539332469364,1.983617850179213,0.615507620413761,0.1559623889389875,-0.21334461471990032,-0.3376389549481832
8.799336693383065,-3.059108030254331,2.700665477388799,2.492730460559062,-1.2457453623373786,3.4009381710013153,0.9756354344759136,0.8784348737247587,0.6473114222398603,0.16634585252251335
10.799653585266878,-1.464299820208712,3.640895809590305,1.2972567242227575,0.013739987052013033,4.412706882592484,1.7750141238355528,0.4304329054609566,0.10426802475066586,0.4057132539685035
13.088548935093957,0.6157200576365296,1.4869318761946682,-0.9846740779553143,1.3247054248447778,0.5844050110400514,1.0035331764918989,0.5674132458482678,0.9899452014150177,1.0620295905156263
13.966945997996525,0.01701782572629149,1.3538106775664955,-2.909435061059447,0.03745935681129629,-1.4786574839322382,-0.6860937233750715,0.9291540957701186,-0.267985744942944,0.8130340956974399
12.121276696582761,-0.8425246663395094,0.6037775435737728,-1.3275241713878894,0.0750734945236651,-0.3335064650701574,0.8350509203968866,-2.879132435323866,0.13332976714956343,-0.5235953259883509
10.80233568136788,-4.133845110890061,0.4717431353342806,-0.6030081425031045,-1.3601766282997345,2.8866985668701064,-2.381136753756296,-0.6905513590479281,-1.6221708072807561,1.9469470002924991
10.461782575714762,-3.338100436857519,1.721423174613592,0.9512459125226967,0.2282992542970358,2.8228890559064483,0.06987339873030739,0.7421400207089971,0.6594937146956333,0.6481397913672063
12.941019067666735,-1.1479525389406333,1.588294385698553,-1.8189576787913722,-0.5694769609973978,1.1433915854168055,2.3478790199862614,-1.6655448567891797,-0.9302685556566237,0.11163588569847532
12.874838003575464,-1.4233379767902195,1.0656995871070445,-1.1420235893634376,0.7964866316256847,0.8941156170649491,-0.9684598702697573,-1.0074952252578828,0.49453515457296093,0.3057369582553818
11.309159726246202,-1.1429245835841373,-1.4140820077924867,1.0103385636214899,0.42711068460296764,0.45357554755087653,-1.0527055535897252,-1.9257909944194525,0.8311081146135152,1.3615750205705002
10.926671601848525,-4.225909055076286,0.5039808950112961,-0.032940092503045,1.923183991819568,1.316152044200306,0.06307557559094787,2.653216422546593,2.4668576189268268,0.5681346619668333
7.643457746800908,-6.3825303086038465,-0.3744180529130242,-0.6115426808987604,-3.782301415177682,0.9828153132626293,1.0437872086240447,-1.0476766074725938,-3.000246742751636,4.530912401703349
6.171029110440633,-4.102286427056663,-0.7061338431014441,-1.0910472440901622,0.06505945985679137,-0.8617041978920487,2.329725722643112,-0.6712928289346562,1.8045801196751752,-1.5375719494514415
6.64693392142402,-6.708918769339232,-0.5954282962626987,-0.2626101024233957,-2.357923839723116,-0.8847559485374291,1.4550112067632024,3.6016720542869898,-0.23078258045759725,1.539120588661398
5.78084757139943,-6.630746196507499,-1.2665591698131597,-0.022005028814978907,-2.730673754006073,-0.7718328370215545,1.5105221768183117,-1.0647924033927758,-0.37244329551481153,0.24633096104670932
6.020382972582597,-4.6729823700463875,-2.9021289419629492,0.32677029337266,-1.9609702418928778,-2.617019299223299,2.092959705187879,-3.5805573818453316,0.20510379779731577,1.622183726089023
6.4785741602162235,-1.404180214500798,-2.8324555397783904,1.587362599121161,-1.9772174171176455,0.2503755013220413,2.9258246948783997,-1.1286288033048593,-0.7998975078574455,3.301939161015199
7.2966046334293155,3.2339084702302925,-2.1891816105546753,-1.0817107177674656,0.6652851515428033,-0.1979706569927809,1.6828624823075904,1.2157807782494094,-1.0237349304678949,0.20019914249652385
9.233055797706953,1.858423338129529,-3.0665730324728613,0.724247091846852,0.7053237625532592,-2.1123643837519643,-0.35639348431079226,-0.9910004493072732,1.081185117352321,0.7567376020808224
10.612235833689564,2.190524058153,-2.7431240213836903,1.0275889388592783,-0.25275700302957077,-2.8903979608371317,1.3298908423641174,-0.7021031528729246,0.16500227934828016,0.9809187651919659
13.23977087745464,2.320670174505558,0.7570034777870982,-1.5165284452670864,2.0500950057593093,-2.255324751515568,1.5937557576251928,2.9277081275711714,0.5571443162236188,0.19319845877838032
10.13066470965537,-3.3313324366372963,1.4294258156695236,0.2245585795044501,-0.4390546484189757,1.9004391228305706,1.6331582278505326,-2.2693359574528897,-1.4087696162970478,-1.8110129308929699
11.736134074871986,0.190787322970601,1.1339702690567517,-0.8764635569645838,1.3430863607076966,-1.37222645687917,3.208660230471041,-1.1827419918537372,0.4385478391218881,-0.1849766071141231
13.985639130761482,0.8129952768676058,1.2518805035150002,-1.6596069779794005,0.8807200625581054,-0.6462069509783577,2.789045196485068,0.1847484072204191,-0.08773398070369913,-1.4744237921659669
14.072413968474132,-0.7026305304745339,2.406689876957261,-1.3260106320808787,0.9891985141344155,1.8053515209010804,0.9831918302589033,-0.1492069689168849,-1.5117389296104675,0.11665245484808524
11.887134965432555,-0.8296027308179587,1.6357522178953514,1.7390300727752848,0.7611092564291371,1.7522418516342786,-1.303047033022311,-1.3092901601904297,0.07126343358914626,-0.057777532553298504
11.06386399281294,-0.5065939423510771,0.5873558745370563,1.0177388223796504,0.885482556634873,1.6787908467515142,-1.5641661013658965,-2.399927773411337,1.337891024656316,-2.3861923403248344
10.398706889306935,-2.401908790323465,2.711117330776999,1.9679807935527838,1.7143391575398157,4.2650454593915805,0.17213069445536622,-1.0883498080692995,0.414494083134235,-1.241468179714557
11.205304974224985,-1.091375129016577,2.371833586780004,0.6973225563690765,1.6844637150903892,1.6809415895836095,2.1306951643754433,-1.350786571080425,0.9848659217392174,-0.7149313659230121
12.418768106470138,-0.24493085017464178,3.476978741293763,0.32735911774278087,1.3040342865832482,2.2186286683527636,-1.1689210231396505,1.354624944224439,0.16332642931831334,1.712718316487097
12.771390778908916,-1.520596853249607,2.178902461463727,-1.4152629472199907,2.8598778293282097,0.16700176766063765,-1.817931742701278,2.4991821711002262,2.347710362992863,-0.8224140077535439
10.236125633306639,-4.634904485102012,1.6548290560554408,1.2484846823910827,3.533420589994827,0.5754049358135255,-2.758268451743896,1.6946119167385325,1.9144705194009715,0.07624033242859457
8.283449140793433,-6.329687514098188,-0.07197950512722157,3.212621258357411,1.2250693194326248,1.6749183931028042,-3.410128279247781,1.2732073140022055,0.12752131425259672,0.794391551639462
5.59789437689078,-6.121342379392656,-1.079708682749375,6.159844397697584,-0.1337794877334215,1.8206670349726533,-1.4542565099782332,1.2008086285737336,-0.7161219174102773,0.5465797837738905
4.331452359790065,-6.320124647320945,-1.8257142675986688,9.525699084576788,-0.15274988490753408,0.9791968062546912,-1.0668416584219655,5.518859241529968,-2.8442068858635787,1.5326633333801731
6.260528662694663,-2.5937135426379885,0.08188099929371213,4.108670280047952,0.6341166294797494,1.781071259229211,0.12432707457124255,2.011870773595977,0.8866319867008683,0.04054013469924559
6.444224183777955,-0.8839551820796919,-2.3945799506788896,6.241554997053133,1.0180780788350012,-2.9300720810156706,-0.5392217333412505,1.3899783801392185,1.321501116474483,2.2800925030540578
7.919096651050743,2.0279304088708714,-0.989096038109232,5.097702584686944,0.4178751276103793,-2.82583048365466,0.2553423140227636,2.6427530022902346,1.8724417614397848,-0.9850110042097298
8.782709020200329,2.9402458972022507,-0.006596511333863093,4.110426375897603,1.3050582074014434,-3.4755812361437033,1.2594465605465885,2.561353793873384,0.08129661732321726,0.6292125087718795
10.429270280344834,3.705462057119848,-0.5140657182879318,-0.004200273970428919,0.6530622478372343,-2.411494085863822,1.848809569457386,4.012656643233024,0.46060904514979706,-0.10134103398142537
8.790687050317445,-2.9799242184461567,-0.8918219752491543,-0.6855364490204969,1.3111112497963575,-2.4668280198373846,-2.729285037671377,3.5003409636874436,2.871423820656681,-2.120161656058895
6.087376391813548,-7.5739391703728085,-0.5094854742981886,1.113040920896042,1.7789294056561709,-2.5546097044925657,-1.0847446269852694,0.8528123479922752,3.526181329787617,-1.2779935592521134
5.468569957790429,-4.840054573125242,1.83587300475498,1.290669819354325,-2.559043468525371,-1.7610810549246603,3.888418836888907,1.5071788509287154,-0.12276427281175761,0.5966697030978344
9.286395544893152,-3.3860967423301926,4.171254240390104,-3.636749037493594,0.33400714686595306,-1.7988742177632513,4.044274711380424,2.222993074455763,1.729435747614133,-1.4478713845233846
6.963490280602781,-6.158053313015412,4.449132864688807,-1.5828502082890263,1.2083457872571506,4.37830442221337,-0.21842337642638687,0.3075109211768619,-0.3352285713774009,-1.8884105498649462
9.750065543075776,0.7334165829163113,1.1507743738203173,-0.39001228859591314,1.0339103052772949,1.1429611334691012,-0.34082299229167207,-1.2541369735755457,0.006554278757763061,1.2741929304217285
11.042167310460705,1.9972354354846487,2.0365959277891337,-0.14354328006650827,2.554337392757515,0.6116465996099061,0.6027449434606698,-0.33266103949303033,1.3802821711214748,0.2853856665492233
11.856685822994953,-0.42793572971620003,4.378644449629094,-0.5971747760715804,3.518520567373939,0.4646315130878711,0.7289540466234453,1.7499958232479216,0.7547536074977815,2.1058955135439574
11.309819373662734,-2.359857560568709,4.451408448047713,-2.7247854849358792,3.1630114496652824,0.25475601524457686,0.41433577411025335,1.4105119670739157,0.25461324309413846,0.10333832048597424
7.720730775008706,-5.105843995069561,2.119639790650272,-0.7360607197093089,0.524681134673661,3.034101911527177,-0.2571864975482588,-4.478542758858584,-1.3767096621185435,-0.261255742542607
4.851702866066578,-3.53934269462252,-1.210533380363371,2.3674650992483737,0.645248470195454,-0.40926229484893584,1.9121668718151663,-5.353535702069196,0.2373940955604987,0.09428630673884539
4.187908696181239,-3.4944012941327665,-1.973350110248631,3.517817751777683,0.9052129804778202,-0.9341942506854906,0.0021140139290636963,-2.4370082724455067,0.49418308425334156,1.7069642196716335
2.778249415808462,-5.35181359143683,-0.2437740395648368,2.4657169027666566,-1.0601385889778097,0.0672853359555013,1.9792343832537782,1.7394430240900653,-2.0906548071204623,3.619456933641823
1.4174211916883332,-4.527949425003419,-1.684543877618459,3.022069860606887,-2.736114455070545,0.0749681514247589,2.2307957691070786,-2.5330658343074433,-2.303193520843207,1.7089710713032613
2.8298803927729743,0.39333854006667124,-1.457140778427659,1.8893400362910897,-3.0596756378541143,1.6033640929959134,-0.6553332704116516,-2.003179167813808,-0.7470144089910966,1.5996316398235608
2.5580423956064906,1.4095634815653557,1.3525117171854724,2.816698599055366,-0.9897347481725595,3.436681813704551,-1.3864570124973756,0.1116182161039094,-1.3851343708030137,2.362445795050387
2.9907367008444985,0.8431540184382581,1.8569654756616265,3.173737731023944,0.2705053561256331,3.7408112706023355,-1.142934685163659,1.377687263511136,0.7713204133445386,0.15926915769030656
5.275132419895731,3.338825918349348,-0.060076832065826126,0.3341849992290716,1.7163391694036003,-0.3237498797712753,0.09582861195284484,1.1191473302089183,0.3166914383342471,1.36008781073029
4.645737774955833,4.176339713884637,-2.148093772656981,2.6401188798544237,0.23419475651882837,-3.4173146586591736,2.536782635586719,3.55885466993452,-2.0335404532805823,-0.875472626126453
5.015154799604743,3.2859582391311433,-1.0292858868384622,1.3467735422351619,1.3806000366078612,-2.106845349112458,2.0650817479059147,1.9225395337876612,0.09193417832466956,-0.9034364235822617
4.29608428682715,-3.023159652955283,3.032196896300139,-0.31314196445325393,2.7618674924005853,1.7824277432827391,-0.13703578951892778,-0.21746090633631224,-0.15155276490070144,-2.8035805208394144
4.248473120980051,-4.892784773888608,0.5897854228287798,-0.5683542664501251,4.4268112210014685,0.7164945046294573,0.4496901452498484,-1.4378435379956986,1.3549601002510305,-2.3837686489364245
3.322766557004337,-7.343271761144859,-0.979434995404624,0.16471479914932677,1.7759114238110052,-2.343133273746825,1.1171451240255386,-0.14315111961240137,0.7933739591330318,-1.050952747326655
3.388651032273986,-6.174772528164629,-0.5003579011014219,-2.66099954678593,1.7080157021246236,-1.3609068273758933,1.304855506448019,-2.2033244484265806,-0.7865710175251956,-1.654760153189971
2.928249079376455,-11.520710747940582,0.7460039254298476,-3.10564731473758,4.676573884445042,-0.2846577104693806,-0.2752669710320513,1.5960311011908408,-0.36637718424442306,-2.0703050311894073
4.1907035309838685,-8.765581588391969,0.03394351381543198,-1.4776892365775531,0.0020392492259808824,-0.043867190733080014,1.8147040476069127,-3.013167165253829,0.13080193693328557,-2.4398870553083554
4.38676047824273,-3.902264435765986,0.6231861616163137,1.0029320146787966,0.38443468354040905,-0.9699318798391865,0.8185305485953069,-2.558688621148955,1.6295193984143344,-0.6474226284749143
3.1836263355055068,-1.710758418048272,1.3198278039673694,3.940799565356609,-0.0839202606045456,1.5588847901556528,-0.5856968245291211,-1.9436264395452192,-0.054465708765320496,0.8342745331755445
2.120019055095839,0.4385125123396365,-0.2387717490313318,4.4545555462803,-1.081527318416951,0.8280589364814721,1.2987774823099278,-0.5866535191408492,-0.11779089183110508,-0.9073623918365571
3.093802998285128,-0.38087433204259885,1.9897793049173291,-1.2268362412112819,1.4337734248837264,1.5721571430215078,2.5630675078268546,0.4018973094882573,0.9225216889560831,-1.154193919018287
1.2608774950679924,-6.2512509987488585,0.43678856455688003,-0.28637374867219123,1.3299082180595552,1.8890592496849423,0.2775185490612476,-0.24653301263133043,0.849679460400494,-2.2939224727695806
0.4855868190140825,-5.644700712986556,-2.0043369502131543,2.848500857387503,0.17020794085126958,-0.008090908767815218,1.0449306584299223,-2.6616346806792617,-1.6299821141834092,2.2680424038595164
0.9226312210153091,-3.332004236287286,0.8566435284817115,3.288807664004885,-0.39539154277923294,-0.68431563646334,2.6270523912563357,-0.8205274047960028,-0.5309561363355321,0.1269218890448171
1.2358877826918802,-0.31886960381778745,-1.5286216322236224,6.113100007926372,-0.30520780118368607,-0.5207593501889012,1.7101123817495807,1.4816701094010147,-1.7605754456735636,0.398847392444601
1.5001610114188244,2.800582867072565,-1.010714308458909,3.8826713825060146,1.28414621522975,-1.4232866961273727,0.3567415504263393,0.2046972570993559,-1.1098151102612912,0.46373128176403444
1.4657083141008471,4.940896571303395,-0.6181444187672716,3.445291269878034,-0.4266696779755381,-1.7451966655053286,-0.09388253827541766,1.724516214093278,-1.5355272693572224,-0.6888503155380853
0.8642907454419027,6.069002275027506,0.3121909497931128,2.893581210213555,-1.1122853513622777,-0.9558491357259927,0.2133981658044292,1.4960241098043854,-1.5630546367906635,-1.1977645223445348
1.9926259224211482,6.918511107257799,1.2756458414073555,0.3632448627801699,-0.7122266503336848,-1.664028784672799,1.1577632292671793,2.0957922657208745,-1.8471388995649702,-0.8494489643993044
1.8910920854929807,6.48124930731081,0.0709613411336606,1.1377807183780957,-0.43129490081228866,-3.201949070291029,0.8120362895003589,1.718150141202873,-1.3874501269041157,-0.5313330561554835
1.6913621407529884,5.546970365988682,0.06549304482934716,0.008142193178966596,-0.2226009554984524,-2.346794727874852,1.9231346782844596,-0.7748651690206453,-0.6964271060357239,0.05512843688572682
2.1791752511008564,3.8931654334105397,-1.0637857255049392,0.5021176537985345,1.4444592633841964,-2.299181887862888,1.3437308469460407,-1.2635174319133788,0.6964427309313184,0.3547385294847576
1.4182244301470788,-0.016812797328466165,-0.01025336361537118,1.4839923905094614,3.9991813814205086,-0.7128611760512542,-0.7607054020854008,-0.6303929884955214,0.5305056310129044,0.3420910936694736
0.45300266391143673,-1.2793153094862049,-0.5811810491141178,2.3874727650819954,3.344222699078982,-1.7197229785484713,-0.3090861368348912,-0.9822452248507907,-1.0256191054965407,0.5435592922775475
0.9704314866563046,-3.6183216326199568,1.984747892656322,-1.0316125781754029,6.2012442776830925,0.33158520368019173,-2.2074694635598684,1.7922501992308504,-0.47751564565043975,-0.8058007691672486
0.7692422113578891,-6.661315582522063,0.4731573138113236,1.799624681235245,3.47553589409304,-1.788925017675331,0.29063665767812213,1.2650612054710075,0.042320176696587046,-0.37943376871861684
-0.9594230024960324,-5.586735123333789,0.11594029987888284,4.678731609653844,0.4866196900910974,-2.244387242648887,-0.5387762391585217,0.6312960735392402,-0.14345716884184742,-0.7361016511731486
-1.7996557035453378,-1.747205728047073,0.3478946094866245,5.431853752395828,0.6570038379931186,1.0544538806023065,0.8906052451604625,0.2279701051414656,-1.5547574241855568,-1.4594596589588036
-1.566377582653417,0.6263790839960098,0.12014771777872867,3.8719360979489883,1.6253753458815914,0.01732349614506755,1.9036521677012643,0.08023829334457051,-1.1665017869233856,-1.1955915530705263
-3.0610356877155898,-1.5627725630156677,-1.4276976562248418,3.8984853169274736,1.907590508230702,-2.270110400653116,0.803965185234852,0.2542903976580092,-1.5920384720833511,-1.2860467797230934
-2.3321504983622745,0.07446352404398814,-3.845135801473931,1.9760984012309566,2.9131556224342754,-4.424614980509155,1.3172938696478098,0.902394174361368,-2.377319046784599,-0.8828052545202898
-3.1669330667988027,2.26190787273179,-1.0021015887419107,1.1749551346929572,2.9120567134553674,-1.4522157844920063,1.803256042062616,1.0498311162238343,-1.5196534717627361,-0.9091562576160764
-5.326525330242945,-2.186489300733544,-2.2426051387445787,4.004887130763237,1.8348759645757664,-0.701779350414146,-2.1528966090984554,-1.1525609183817476,-0.6529423860243305,1.417581222409853
-5.442339865117219,-2.4019513061964752,-2.4463843540959544,5.630224348963055,-0.17825313369010043,0.8648910489541098,-1.2447421673474333,0.8836931830927518,-0.7570829800518776,1.2688337227470403
-5.300936091198887,-3.3836279854754125,-1.7199663320788572,6.088738303210493,1.0284231966058863,1.3926815566790658,-1.0609308758568852,1.1008027104951152,-0.5687729911944512,0.20310668130773654
-5.070149529352273,-2.864432617308872,-0.4275373735684976,5.761845927766747,0.8920445136364372,1.9040142310652948,-1.1123607346400426,2.474033586214201,-1.5089608517802313,-0.34201491372164977
-4.4669563691025695,-1.825015870492466,0.6971100667300062,4.032152862319729,3.5026519775021248,2.157765905323375,-2.3242000561941896,0.16428700593944542,-1.7930546584691414,2.464332375737332
-4.024463921121945,-1.2264367767809197,0.2730299145142978,3.4888123094196617,4.832434524193582,1.2968994999314538,-2.8643434825469276,-0.6250304605634477,-1.7045463533333125,1.4827618853758737
-4.7319751940541295,-1.544598408989693,-0.15520144195791355,6.051633778160209,2.5224276352343344,0.5226287940548472,0.29180363683708543,1.707080115715998,-1.8006984904001255,1.1577896619944654
-4.4111505910331505,0.14015473635533618,1.8314866943614718,3.191805285706773,1.9537046858650677,2.6145620174310835,1.1444661779205387,0.014686648622198113,-0.9135867479913484,-1.1636242618245607
-4.578804355170702,-1.320368620884619,2.4764816628999724,1.7344439744280766,1.173170216891812,1.6016074484069445,0.787782025263628,-0.47966428873774114,0.1058552291498379,-0.6316647542706206
-3.5541964267067403,-2.515910026249186,2.379391608068216,1.6154992708735092,-0.36834779394163686,1.847890969255445,0.38839013852665144,0.12289584481683037,0.874893675246864,-2.11162850086513
-2.3850053860156937,0.049140529329803076,2.2871065867092994,2.937030540752495,2.2022913927473815,0.5538213815783571,-1.613915166299326,-0.21093744621919797,0.662792755219324,-0.41667713280653407
-2.1073182992718698,-1.0157437418224702,4.082453576106146,0.3639318691307724,2.82056628790116,0.8069702486577222,-0.15811108555708858,-0.5132334590632435,-0.06541704754437119,-0.7626945126420936
-2.166599738730453,0.8055940195984663,1.5749197757143893,2.9781718833320245,1.5776837696870918,0.4870242206318884,-1.0575110014741247,-1.2087001791551448,-0.3905495330680548,2.0110889645793124
-2.192695000130334,1.7117532177661008,1.9165983785627778,0.8536344121527564,4.627934191718918,-2.5378185130227275,0.7732048723320442,-0.14131692878798774,-1.0280422771759212,0.877345744347825
-1.6832796748495167,0.8457828045548055,1.5670803056079592,-0.25232892311184213,4.872957983011434,-2.859038263670383,0.48104106946807107,-0.25005323559095155,-0.348805164368365,0.15273517544021123
-3.750800000568866,-3.272497042285453,0.8804615612842582,1.7351935009619717,4.008497028067458,-0.5747276218586154,0.029694178632962545,-1.104292120683013,0.3257490719789377,-1.3897218672756564
-3.3132374401246727,-1.510063417149401,1.107297089543438,2.9417434980575026,4.161110898055741,-2.39882301294202,0.6544122703397197,-1.5163563059254073,-0.11292721223485994,0.1168860640419641
-2.535967020153094,1.1752926271702848,3.2556887849239686,1.9678346301335858,2.214909295566704,-0.8982526989075021,0.6931605841865336,-1.9883178891784274,-0.09320433338303007,-0.7851693795592419
-2.125105174208702,3.899589081196516,3.3322155222609684,-0.3863902778541693,2.9412709284990965,-1.5688539436664115,-0.11169719359242838,-2.672120870368256,-1.1412326083467024,-0.31679004569479785
-2.6517875385008707,5.17890008118397,4.344678481021591,0.04037658349392589,5.256345321578019,-0.281101108655812,-0.455050147098234,-3.0427339091741916,-0.7377081071416304,1.0883970540113077
-3.2526642655106617,4.468359893239389,3.293341810113621,-0.0018122363071544935,5.420722701540133,-1.7385210342586737,-1.0423216082362405,-1.0509005260214124,-0.7354446278468428,2.511731860044297
-3.7618953690145753,1.173857696718653,3.686803768008247,-1.4008531243033233,5.044254730622919,-1.8654232381650042,-0.08813320664616403,-1.739079614193211,0.3632227016806838,-1.0095344085426154
-3.30046466809081,-1.5221792598147883,4.6368752175372165,-0.17067096868294496,2.6294025421513827,-0.8100866855828792,-0.4490372099234389,-1.1836882659505172,-0.9066517174889059,0.16084844372389934
-2.921696138764256,-1.5512091902881349,5.486359500431741,0.35153279291356726,2.2548621053092273,0.32789973710244924,0.6803781585300474,0.35573605120576207,-0.7530611749982437,0.21233903750852956
-2.135074856876555,-2.60256500733363,6.945716532708648,0.5624477400050423,0.026460843029772405,0.3528681659128479,0.7404810394661436,-0.8932889584492485,-0.6947971512627951,0.12433293191498702
-1.562277214861802,-1.941602181459851,6.811926575508211,1.7779971250770186,-1.1024067694024238,-0.6989911521272095,1.818832278438363,-0.7184730413334838,0.27345350289070974,-0.6953283754239327
-0.7548830030952915,0.18811669464345776,5.3174442721178945,1.537895387659563,-0.26622320323476373,0.46218408205198525,0.6365079865667961,-0.13757077190997885,0.5669678164168651,-0.049882894694211775
-1.2933491270317414,-1.7293048504277013,5.7696558059417,-0.12560628784773334,-2.6607680793667807,-0.8508612070193761,-0.1958517272016237,-1.625864916963916,0.5617772655954444,0.473507597685985
-2.0899389031888966,-2.4975935752802756,6.069176781227952,1.7393908799999755,-2.2545464727642797,-0.08772239537657621,0.15003060486036657,0.2550723957228489,0.5710191188953926,0.32297307524270863
-1.3457562777448737,-0.7889593868871609,6.347408349554557,0.6375382608391872,-0.6638489004898491,0.8937755839870666,-0.08716299220294478,-0.05594210348367124,0.7830864020167303,0.723320047527181
-1.7625289963212583,0.12791644087084555,5.594772357075628,0.8281273111148857,0.22669334876123642,0.16839891445701752,0.32514220479789446,-1.3124218208447185,0.49913194372307584,1.0219633472545244
-3.087397936496492,-0.8523707482876861,4.115092691428972,-0.12229235053921625,-1.8097522410241595,-1.8188287006080919,-0.23278441796539306,-2.2122529264384916,0.011853413496875185,0.9733756970526447
-5.170310730403421,-1.430107313177605,4.164148553966943,0.8263308719139479,-2.5271889626381445,-0.7833363494907974,-0.03416944302144529,-0.3443984047374997,-0.06048063875706398,0.26460708644439096
-3.5683423336702362,-3.907772835879768,3.8466191860791783,-0.6113636246535639,-3.024321953398845,-0.8576821706208497,-1.2147556574877914,2.281189613511519,-0.09614666292873364,0.6933943668645269
-3.2533371274544174,-3.7071471047432185,4.912766022572088,-2.0900790008198267,-1.320725650852721,0.7354295651152148,0.7961828194711764,0.7761072322008581,-0.610683198696542,-0.8433739858649574
-3.2379052243439435,-6.260421761135149,4.159815230438436,-1.9186240787740856,-1.9084176270453765,-2.001520612543936,-0.9931010857395692,1.5431740642426712,-0.5819931017680614,0.3655277338568645
-1.8426920123093808,-2.56624509199902,4.924466189680775,-4.363073201281399,-2.7868547416219744,-1.870983222252594,-0.2505014030874512,0.26717119671665795,-1.3112458985927447,0.4091932526098947
-3.462566876681042,-5.064417399800596,4.319316345149917,-2.9311709992534207,-2.686930134381787,-0.3936905994302957,-1.6865144798048353,0.05517379930986615,-1.0365167879467485,0.06976857453466617
-5.79697030815424,-7.059098312166709,-2.7284693627136325,-0.6753117377307966,0.01114534951907927,-3.493225263030453,-7.0006857845444905,-0.8515601170563035,2.0290340335176533,-2.812776294260036
-8.331839747402995,-5.79563015784045,-6.206694347834987,-0.13484623095591344,0.4173662503477442,-0.9004749344815494,1.7256333012580423,2.621374406782091,-2.8893013602762547,1.298301605622987
-10.122256154381263,-0.6819904716307115,-4.3786793586600865,0.7265207594442697,1.6601908530998286,0.13884990226036906,-0.2063979311932895,1.3586404125038722,-1.3475707949791564,1.1286751492256717
-10.034769835410968,3.119084385547717,-0.13002523298753269,0.35773222185940445,0.792541093928941,0.3080899400530694,0.8911918852667239,0.0907525862199624,0.3297119901167368,-0.44302297630544824
-11.094981710142683,-1.010114402008094,2.596469985933968,-1.7994945024490738,-0.7594543586824236,0.6227024771416296,0.5448432698120799,2.0279363289655166,-1.1956217897804986,-1.7856085969552888
-9.585989304664585,-3.4477613507837614,-1.5788756892621834,1.5739517201260484,0.8287173849241805,-0.2792306843610647,1.799721230676864,0.911078934425373,-0.06771926595334718,-1.1641771176291578
-8.8827516287616,0.2959383835784204,-2.7639856649294763,2.811759921325778,1.5223992461413953,-1.3935583302243975,1.579969710615421,-0.039950677086196346,0.31902444188755835,-1.0499347554982537
-9.03725563119872,-0.9005686144385613,-0.644204079604921,0.7887175835804319,0.6803426277471318,-0.7177384269248038,1.9749210020515384,0.7610824323101033,0.15586104247590113,-2.9356903619555004
-8.13636759211226,-1.704422414686083,-0.7739471663480234,-0.9640807104552171,-2.6952485724994695,-1.8013858816494261,0.3204043887538584,1.8124768072698285,0.09115622459879479,-0.2804594834617459
-7.778969443531087,-5.089818858414762,2.494850554272757,-2.7246074986977273,-5.473698726476601,-1.5669887715965276,-0.7971481692884945,0.6389062560148739,-0.2875262712639823,-0.113825323757992
-6.061990325225459,-4.898019294170907,3.527036003474942,-1.2293129772117581,-5.647275023778498,0.21373656997857451,-4.155545658999112,2.711968835940813,-0.8074232687423438,1.6118693548038163
-5.653659494625466,-1.7588691235334755,2.379006623954164,2.8842080211186003,-2.518515893680539,0.8384138214341473,-3.1790544357223722,0.8617955164988705,0.1554696989722027,-0.07302047543494951
-5.648936833138453,1.5621477402331854,5.052328604535554,1.0981034932575244,-1.2526565021187508,-0.6678230298315768,0.32727675784862154,-0.7307494609495074,-0.6817299261100254,-0.5216712767923721
-5.927332848478649,1.3630892952604141,5.279188672868297,0.798733264641263,-0.34930671565439686,-2.366675379375565,0.6323276109694648,-0.588980080172596,0.49020544266974714,0.7657744248539022
-6.111048036767034,1.4209718326862952,4.6672493897626985,-0.2755798403131394,-1.6187012539989931,-2.269307958851334,-0.14163816948911076,-2.61172201690711,-0.7453907868502077,1.0352094621143093
-6.896679373234468,0.6764243276778035,5.088090914309484,0.09772028390247399,-3.1672890324650407,-1.772329820884067,0.8009405872917211,-0.8697876082317584,1.1916288243771103,-0.8507947386395635
-5.414240450068266,-0.010200597782273349,6.093635710697328,-0.2888795100255149,-2.4635497112403435,-1.3915582208043098,0.3010176794431165,1.2827067739876787,1.19456919498667,-0.07790567700869502
-5.424445524144451,3.1998093391580045,6.070864006042729,1.6365562879143987,1.2125405378643914,-0.7197610908482294,-1.1319277067796678,1.624832755434224,-0.03342862811061363,-0.18951534328578107
-7.196790773639123,2.5527824667746604,5.523957628948941,0.818329502485538,0.7045181244196574,-3.7960051685930725,0.1839511162756447,0.3065014064829293,-1.0006095881250807,-0.5745463687306209
-7.53905304460073,4.261698401349941,1.5962022199574566,4.150775096145076,-1.1893126748562242,-3.496276705647294,0.04900238517704713,-2.089674933263459,0.15614255066391267,-0.051307749211586734
-8.52143391960193,3.3270414897239426,4.8312112761971955,0.33096877737806807,-0.8428377676926688,-1.6933416872234985,-0.1377697737041781,-0.2245970208257571,0.6759690588715302,-0.6288728246091768
-9.27319994232603,-0.30915872427674607,5.028709406404229,0.9397018156891216,-0.8394639361876173,-0.23605697839799494,-0.9615491453294759,1.5186273504502574,-0.5312470299174419,0.34821400967231414
-8.296291124038472,0.44202158412198,4.193843058868439,0.21939696965102323,0.8766425774644534,-0.7101882137416401,-0.9205400016170384,1.1890053317733198,-0.5067048444560034,1.1509637403890358
-9.040548943437487,0.039910434581343024,4.43488761956779,0.468628753975402,2.2499177312328693,0.9545374426857771,-0.24626733023644676,0.8295303818411668,-0.43715589762583856,0.3970190695304478
-8.903730777875147,1.5248312725474062,3.731584049485072,-0.09196303083939314,3.0804551296455522,-1.2730134923275354,0.13803713544678467,0.885721290450819,-0.9973998669174172,1.1310262890640141
-9.09463028130719,0.5445320449088572,3.6176475878604837,1.746137490214933,1.810898849775344,-1.3505748970279001,-1.3444425417955772,1.4175543812465579,-0.1640960022853782,-1.410422291664984
-9.00877480358271,-1.360603399399399,4.907885432523494,3.1227225821578477,-0.27089764873108757,-1.538303951770021,-1.0821349361191275,0.31916048564577226,-1.1871307625995944,-1.7304222495948773
-6.679938035857269,-0.7329882060595938,4.739031501246105,1.8303545179759335,-0.7856298600597661,-3.0513807215109816,1.393512028455399,-0.3238334069945331,-0.5877475406516428,-0.3902191996604883
-6.366368841294617,-1.6074052997472499,5.299742718708178,1.9767481128317745,-0.14487609413790134,-1.928339038377139,0.4611871158445147,-0.7695918634347743,0.034165462925656184,0.5682306826886853
-5.428983170085359,-0.8997935316426114,5.053536237544725,1.5561015143852914,-0.34958379771394144,-2.1172586666483464,2.306425729615096,1.0180292411891012,0.1544294465436262,-0.5250585353030262
-5.422013053687869,-1.3717849675302656,5.450999560741195,0.01956685975706014,-0.3359616700069897,-2.7038159185318924,1.833020979830683,1.3196106833271206,0.1379532731401737,0.19752713074606068
-6.002682488615157,-1.6255629139623113,4.82205707217778,-0.008853236084718085,-2.7489824924986013,-3.1779124334410334,-0.37826896265577176,0.37889467284839684,0.7764736048403703,0.01339488693324536
-4.842648735201584,-1.568867563729629,6.815029141903011,-1.4767153033332037,-2.4486258967805674,-1.7972907761698227,-0.15701295931791112,0.15511438030190416,0.5806245984390267,0.6300984539421165
-4.9280160497750085,0.7771742114986078,5.138847587886836,-0.7736186283441803,-0.8430577750048942,-2.093724195610646,-0.6448326418741207,-1.2473331113652153,0.25812986075845684,1.2740199469041082
-5.535688983297123,-0.15888667307449456,5.314925497025375,-2.0883722591481857,-0.15353930327985613,-2.317596627854763,-0.4256468806592248,-0.6413304462690486,-0.3219313654647856,0.8968101344659861
-5.466429782096387,0.7638699372344214,6.352889106721995,-0.005433616898873463,-1.557291160016197,0.1967151157737919,-0.5918274181584653,0.5757573495221444,1.2493350793162052,-0.32410796973534306
-5.507751561410561,2.056183384022176,6.555248010113181,-1.2289189700169127,-0.06052934933166394,-2.5955738124658376,-2.0693667563917097,0.6265696733508567,-0.36228618807368845,3.9953891644487194
-6.2234856320544,1.614197569145311,6.593678751128729,-1.5487798466881981,0.22965537429658248,-0.9676267535299553,-0.12224313069390985,-0.9151691175563442,0.24435513350858198,0.7161735463329243
-6.618420910646432,3.94607476365373,4.182116854945571,-1.0947150267785402,2.2314756600879697,-1.9308560782868989,0.6034515731270694,-0.026155691000686345,-1.1101250730569585,0.6821756017826258
-8.326882249562928,3.074519748991568,4.358071647568088,0.6721529230895777,1.9590228747123175,-2.2619332990131453,0.5973437326188761,0.9535993558996317,-1.035694506968285,-0.9717308084132006
-8.736764987983126,2.017301305288994,4.376893902724477,-0.8116206408268397,2.2242624935044,-3.396153301456038,0.22259577213023934,0.2960818934579782,-1.3716756709879416,-0.4503487011335
-8.387891772875381,1.3498855617007313,2.7615580526008787,-1.5769971218241159,1.5627688671586977,-3.373772682056638,-1.9717418002437606,-1.8438393223351983,-0.7989823254457915,-0.3892001211869038
